id_compra,id_jogador,id_item,id_partida,data_compra,minuto_compra,quantidade,preco_unitario,total_compra
1,5,3144,1,2025-08-17,2,1,600,600
2,5,323003,1,2025-08-17,6,1,2900,2900
3,5,6665,1,2025-08-17,3,1,3200,3200
4,8,3083,1,2025-08-17,15,1,3100,3100
5,8,3153,1,2025-08-17,18,1,3200,3200
6,8,323003,1,2025-08-17,4,2,2900,5800
7,8,3871,1,2025-08-17,9,2,400,800
8,8,6653,1,2025-08-17,4,1,3000,3000
9,18,3110,1,2025-08-17,1,1,2500,2500
10,18,663064,1,2025-08-17,9,1,900,900
11,18,664011,1,2025-08-17,6,1,2500,2500
12,18,3143,1,2025-08-17,10,2,2700,5400
13,23,2051,1,2025-08-17,6,1,950,950
14,23,3157,1,2025-08-17,17,2,3250,6500
15,23,326620,1,2025-08-17,11,1,2600,2600
16,9,1018,1,2025-08-17,12,1,600,600
17,9,323075,1,2025-08-17,10,2,2650,5300
18,9,2526,1,2025-08-17,3,1,2250,2250
19,9,1057,1,2025-08-17,3,1,850,850
20,9,667101,1,2025-08-17,5,1,2500,2500
21,19,3802,1,2025-08-17,18,1,1200,1200
22,19,2138,1,2025-08-17,14,1,500,500
23,19,663172,1,2025-08-17,18,1,2500,2500
24,14,4630,1,2025-08-17,12,1,1100,1100
25,14,3111,1,2025-08-17,15,2,1250,2500
26,14,1106,1,2025-08-17,3,1,450,450
27,13,1026,1,2025-08-17,8,1,850,850
28,13,3179,1,2025-08-17,3,1,2800,2800
29,13,4629,1,2025-08-17,8,1,3000,3000
30,13,1053,1,2025-08-17,11,2,900,1800
31,12,3145,1,2025-08-17,16,1,1100,1100
32,12,2512,1,2025-08-17,16,1,2650,2650
33,24,6662,1,2025-08-17,14,1,2900,2900
34,24,2501,1,2025-08-17,14,1,3300,3300
35,24,3073,1,2025-08-17,15,1,3000,3000
36,24,2502,2,2025-08-19,15,1,2800,2800
37,24,2020,2,2025-08-19,9,1,1337,1337
38,24,3118,2,2025-08-19,3,1,2700,2700
39,2,6675,2,2025-08-19,18,2,2650,5300
40,2,1086,2,2025-08-19,18,1,400,400
41,2,6698,2,2025-08-19,3,1,2850,2850
42,2,326657,2,2025-08-19,8,1,2600,2600
43,2,2138,2,2025-08-19,16,1,500,500
44,22,323004,2,2025-08-19,2,1,2900,2900
45,22,2138,2,2025-08-19,13,1,500,500
46,22,3020,2,2025-08-19,15,2,1100,2200
47,21,3107,2,2025-08-19,18,1,2300,2300
48,21,3803,2,2025-08-19,5,1,1300,1300
49,21,2501,2,2025-08-19,2,1,3300,3300
50,21,3175,2,2025-08-19,2,1,1100,1100
51,23,1042,2,2025-08-19,16,1,250,250
52,23,3142,2,2025-08-19,17,2,2800,5600
53,23,2055,2,2025-08-19,17,1,75,75
54,23,1056,2,2025-08-19,3,2,400,800
55,4,3869,2,2025-08-19,13,2,400,800
56,4,1106,2,2025-08-19,19,2,450,900
57,25,3175,2,2025-08-19,20,1,1100,1100
58,25,1056,2,2025-08-19,19,1,400,400
59,25,3171,2,2025-08-19,9,1,900,900
60,13,3865,2,2025-08-19,8,1,400,400
61,13,3020,2,2025-08-19,22,1,1100,1100
62,13,3742,2,2025-08-19,11,1,2900,2900
63,11,1006,2,2025-08-19,19,1,300,300
64,11,1086,2,2025-08-19,7,1,400,400
65,20,2003,2,2025-08-19,3,2,50,100
66,20,323107,2,2025-08-19,10,1,2800,2800
67,20,2055,2,2025-08-19,18,1,75,75
68,20,4628,2,2025-08-19,21,1,2700,2700
69,17,3026,3,2025-08-21,14,1,3200,3200
70,17,4632,3,2025-08-21,17,1,1600,1600
71,17,3143,3,2025-08-21,4,1,2700,2700
72,1,3508,3,2025-08-21,18,1,3050,3050
73,1,1036,3,2025-08-21,9,1,350,350
74,22,2065,3,2025-08-21,28,1,2200,2200
75,22,3170,3,2025-08-21,5,1,1000,1000
76,22,663058,3,2025-08-21,10,2,2500,5000
77,22,3158,3,2025-08-21,24,1,900,900
78,18,3109,3,2025-08-21,20,1,2300,2300
79,18,3076,3,2025-08-21,3,2,800,1600
80,18,323222,3,2025-08-21,16,1,2800,2800
81,10,3073,3,2025-08-21,27,1,3000,3000
82,10,664644,3,2025-08-21,10,1,2500,2500
83,4,323004,3,2025-08-21,12,1,2900,2900
84,4,323107,3,2025-08-21,12,1,2800,2800
85,4,6333,3,2025-08-21,27,2,3300,6600
86,5,3024,3,2025-08-21,7,1,900,900
87,5,3083,3,2025-08-21,31,2,3100,6200
88,5,2520,3,2025-08-21,30,1,3000,3000
89,9,3047,3,2025-08-21,15,1,1200,1200
90,9,2522,3,2025-08-21,13,1,2800,2800
91,9,3089,3,2025-08-21,5,1,3500,3500
92,9,663193,3,2025-08-21,23,1,2500,2500
93,20,3870,3,2025-08-21,35,2,400,800
94,20,3066,3,2025-08-21,8,2,800,1600
95,20,323075,3,2025-08-21,12,2,2650,5300
96,20,3175,3,2025-08-21,17,2,1100,2200
97,20,1031,3,2025-08-21,28,1,800,800
98,25,4645,3,2025-08-21,28,1,3200,3200
99,25,3222,3,2025-08-21,8,2,2300,4600
100,25,3084,3,2025-08-21,13,2,3000,6000
101,25,3008,3,2025-08-21,28,1,1000,1000
102,1,4633,4,2025-08-23,17,2,3100,6200
103,1,3050,4,2025-08-23,11,1,2200,2200
104,17,4005,4,2025-08-23,5,1,2400,2400
105,17,2502,4,2025-08-23,13,1,2800,2800
106,17,3870,4,2025-08-23,6,1,400,400
107,17,3330,4,2025-08-23,13,1,150,150
108,17,3161,4,2025-08-23,10,1,3100,3100
109,18,2510,4,2025-08-23,19,1,3100,3100
110,18,3222,4,2025-08-23,15,1,2300,2300
111,18,3112,4,2025-08-23,7,1,950,950
112,18,3144,4,2025-08-23,6,1,600,600
113,22,3033,4,2025-08-23,11,1,3000,3000
114,22,1082,4,2025-08-23,8,1,350,350
115,7,2522,4,2025-08-23,5,1,2800,2800
116,7,1027,4,2025-08-23,16,1,300,300
117,7,3302,4,2025-08-23,3,1,3000,3000
118,7,3115,4,2025-08-23,19,1,2900,2900
119,12,4632,4,2025-08-23,16,1,1600,1600
120,12,3089,4,2025-08-23,1,1,3500,3500
121,12,323119,4,2025-08-23,4,1,2400,2400
122,14,2520,4,2025-08-23,17,1,3000,3000
123,14,3118,4,2025-08-23,8,1,2700,2700
124,14,326617,4,2025-08-23,15,1,2900,2900
125,14,2019,4,2025-08-23,17,1,1100,1100
126,14,667112,4,2025-08-23,11,1,2500,2500
127,3,3302,4,2025-08-23,17,1,3000,3000
128,3,3108,4,2025-08-23,18,1,850,850
129,3,3113,4,2025-08-23,16,2,900,1800
130,3,3114,4,2025-08-23,8,1,600,600
131,3,6699,4,2025-08-23,17,1,3000,3000
132,11,3364,4,2025-08-23,15,1,150,150
133,11,1055,4,2025-08-23,8,1,450,450
134,11,3026,4,2025-08-23,18,1,3200,3200
135,11,1056,4,2025-08-23,8,1,400,400
136,11,3084,4,2025-08-23,7,1,3000,3000
137,24,3100,4,2025-08-23,18,1,2900,2900
138,24,3119,4,2025-08-23,7,1,2400,2400
139,14,322065,5,2025-08-25,14,2,2600,5200
140,14,3156,5,2025-08-25,18,1,3100,3100
141,14,6672,5,2025-08-25,8,1,3000,3000
142,14,3135,5,2025-08-25,14,1,3000,3000
143,14,3135,5,2025-08-25,11,1,3000,3000
144,13,4642,5,2025-08-25,15,1,900,900
145,13,326620,5,2025-08-25,20,1,2600,2600
146,13,3155,5,2025-08-25,13,1,1300,1300
147,13,3181,5,2025-08-25,1,1,3000,3000
148,13,1057,5,2025-08-25,5,1,850,850
149,19,2420,5,2025-08-25,13,1,1600,1600
150,19,3065,5,2025-08-25,11,1,2700,2700
151,19,3068,5,2025-08-25,13,1,2800,2800
152,19,3032,5,2025-08-25,14,1,3000,3000
153,19,3006,5,2025-08-25,16,1,1100,1100
154,1,6616,5,2025-08-25,12,1,2250,2250
155,1,2522,5,2025-08-25,25,1,2800,2800
156,23,6620,5,2025-08-25,8,1,2200,2200
157,23,2504,5,2025-08-25,20,1,2900,2900
158,24,2526,5,2025-08-25,22,1,2250,2250
159,24,1105,5,2025-08-25,7,1,450,450
160,24,3119,5,2025-08-25,25,1,2400,2400
161,16,2138,5,2025-08-25,24,1,500,500
162,16,4632,5,2025-08-25,6,1,1600,1600
163,16,663172,5,2025-08-25,19,1,2500,2500
164,16,1027,5,2025-08-25,19,2,300,600
165,22,3087,5,2025-08-25,7,2,3000,6000
166,22,1055,5,2025-08-25,21,1,450,450
167,22,3003,5,2025-08-25,25,1,2900,2900
168,22,3046,5,2025-08-25,20,2,2650,5300
169,22,6675,5,2025-08-25,19,1,2650,2650
170,12,3071,5,2025-08-25,22,1,3000,3000
171,12,3077,5,2025-08-25,21,1,1200,1200
172,10,1011,5,2025-08-25,16,1,900,900
173,10,1102,5,2025-08-25,12,1,450,450
174,10,3508,5,2025-08-25,15,2,3050,6100
175,10,4629,5,2025-08-25,6,1,3000,3000
176,24,322065,6,2025-08-27,6,1,2600,2600
177,24,3032,6,2025-08-27,16,2,3000,6000
178,24,6617,6,2025-08-27,40,1,2200,2200
179,24,3865,6,2025-08-27,2,1,400,400
180,17,8020,6,2025-08-27,32,1,2650,2650
181,17,2512,6,2025-08-27,17,1,2650,2650
182,17,3070,6,2025-08-27,39,1,400,400
183,17,4401,6,2025-08-27,36,2,2800,5600
184,17,1006,6,2025-08-27,13,1,300,300
185,21,2526,6,2025-08-27,32,1,2250,2250
186,21,3168,6,2025-08-27,31,1,1000,1000
187,9,3113,6,2025-08-27,6,1,900,900
188,9,3041,6,2025-08-27,16,1,1500,1500
189,9,3047,6,2025-08-27,24,1,1200,1200
190,9,3124,6,2025-08-27,23,1,3000,3000
191,9,3107,6,2025-08-27,36,2,2300,4600
192,20,3073,6,2025-08-27,18,1,3000,3000
193,20,3047,6,2025-08-27,8,1,1200,1200
194,20,4633,6,2025-08-27,8,1,3100,3100
195,20,6610,6,2025-08-27,12,1,3100,3100
196,18,2517,6,2025-08-27,18,1,3100,3100
197,18,4642,6,2025-08-27,34,1,900,900
198,18,3184,6,2025-08-27,7,1,950,950
199,16,3041,6,2025-08-27,12,1,1500,1500
200,16,3046,6,2025-08-27,35,1,2650,2650
201,16,1120,6,2025-08-27,4,1,450,450
202,15,4005,6,2025-08-27,32,2,2400,4800
203,15,1101,6,2025-08-27,37,2,450,900
204,15,3033,6,2025-08-27,29,1,3000,3000
205,15,3070,6,2025-08-27,4,1,400,400
206,14,663056,6,2025-08-27,8,2,2500,5000
207,14,6694,6,2025-08-27,32,1,3000,3000
208,14,1054,6,2025-08-27,4,1,450,450
209,14,2031,6,2025-08-27,37,1,150,150
210,22,1057,6,2025-08-27,8,2,850,1700
211,22,3168,6,2025-08-27,39,1,1000,1000
212,22,3184,6,2025-08-27,15,1,950,950
213,22,6657,6,2025-08-27,29,1,2600,2600
214,15,3803,7,2025-08-29,16,1,1300,1300
215,15,2140,7,2025-08-29,11,1,500,500
216,15,1001,7,2025-08-29,31,1,300,300
217,15,3036,7,2025-08-29,19,1,3300,3300
218,10,4401,7,2025-08-29,5,2,2800,5600
219,10,3876,7,2025-08-29,17,1,400,400
220,10,6664,7,2025-08-29,13,1,2800,2800
221,10,3107,7,2025-08-29,15,1,2300,2300
222,19,324005,7,2025-08-29,10,1,2400,2400
223,19,1054,7,2025-08-29,20,1,450,450
224,19,3184,7,2025-08-29,19,1,950,950
225,14,1107,7,2025-08-29,20,1,450,450
226,14,4401,7,2025-08-29,18,1,2800,2800
227,14,3142,7,2025-08-29,29,1,2800,2800
228,14,1056,7,2025-08-29,28,1,400,400
229,14,6333,7,2025-08-29,17,1,3300,3300
230,24,1082,7,2025-08-29,2,1,350,350
231,24,6631,7,2025-08-29,18,1,3300,3300
232,23,6631,7,2025-08-29,31,1,3300,3300
233,23,3146,7,2025-08-29,18,1,3000,3000
234,2,3177,7,2025-08-29,32,1,950,950
235,2,664011,7,2025-08-29,23,1,2500,2500
236,2,3094,7,2025-08-29,7,1,2650,2650
237,4,3066,7,2025-08-29,32,1,800,800
238,4,3035,7,2025-08-29,26,1,1450,1450
239,4,6690,7,2025-08-29,3,1,775,775
240,7,1058,7,2025-08-29,21,1,1200,1200
241,7,1105,7,2025-08-29,26,2,450,900
242,7,323004,7,2025-08-29,1,1,2900,2900
243,7,3802,7,2025-08-29,30,2,1200,2400
244,7,3095,7,2025-08-29,34,1,3200,3200
245,17,3363,7,2025-08-29,29,1,150,150
246,17,6621,7,2025-08-29,18,1,2500,2500
247,17,3161,7,2025-08-29,19,1,3100,3100
248,17,3111,7,2025-08-29,32,2,1250,2500
249,4,2522,8,2025-08-31,4,2,2800,5600
250,4,3118,8,2025-08-31,5,2,2700,5400
251,1,328020,8,2025-08-31,17,1,2850,2850
252,1,4628,8,2025-08-31,16,1,2700,2700
253,1,667101,8,2025-08-31,15,1,2500,2500
254,1,3165,8,2025-08-31,7,1,2850,2850
255,1,326620,8,2025-08-31,5,1,2600,2600
256,21,3031,8,2025-08-31,14,1,3500,3500
257,21,3070,8,2025-08-31,17,2,400,800
258,20,6694,8,2025-08-31,10,1,3000,3000
259,20,6698,8,2025-08-31,16,1,2850,2850
260,20,323004,8,2025-08-31,18,1,2900,2900
261,20,3134,8,2025-08-31,18,1,1000,1000
262,8,3115,8,2025-08-31,7,2,2900,5800
263,8,667109,8,2025-08-31,13,1,2500,2500
264,8,2524,8,2025-08-31,14,2,2300,4600
265,8,1036,8,2025-08-31,16,1,350,350
266,8,4628,8,2025-08-31,13,2,2700,5400
267,6,667666,8,2025-08-31,5,1,3000,3000
268,6,3139,8,2025-08-31,5,2,3200,6400
269,6,3142,8,2025-08-31,11,2,2800,5600
270,6,323050,8,2025-08-31,15,1,2300,2300
271,6,1086,8,2025-08-31,15,1,400,400
272,10,4633,8,2025-08-31,5,1,3100,3100
273,10,1055,8,2025-08-31,9,1,450,450
274,18,3363,8,2025-08-31,3,1,150,150
275,18,322065,8,2025-08-31,18,1,2600,2600
276,18,3083,8,2025-08-31,16,2,3100,6200
277,18,323070,8,2025-08-31,3,1,400,400
278,24,3504,8,2025-08-31,10,1,2200,2200
279,24,2523,8,2025-08-31,14,1,2800,2800
280,24,667101,8,2025-08-31,4,1,2500,2500
281,14,2138,8,2025-08-31,1,1,500,500
282,14,1036,8,2025-08-31,2,1,350,350
283,14,3041,8,2025-08-31,14,1,1500,1500
284,14,2022,8,2025-08-31,14,1,250,250
285,14,3171,8,2025-08-31,6,1,900,900
286,6,3599,9,2025-09-02,9,1,150,150
287,6,3814,9,2025-09-02,26,1,3000,3000
288,6,3119,9,2025-09-02,22,2,2400,4800
289,6,3158,9,2025-09-02,15,1,900,900
290,6,663058,9,2025-09-02,19,1,2500,2500
291,25,3599,9,2025-09-02,23,2,150,300
292,25,3006,9,2025-09-02,10,1,1100,1100
293,25,2503,9,2025-09-02,28,2,2800,5600
294,25,3134,9,2025-09-02,13,1,1000,1000
295,3,3174,9,2025-09-02,23,1,1200,1200
296,3,3041,9,2025-09-02,27,1,1500,1500
297,3,3802,9,2025-09-02,1,1,1200,1200
298,3,3171,9,2025-09-02,25,2,900,1800
299,20,326616,9,2025-09-02,16,1,2600,2600
300,20,6697,9,2025-09-02,10,2,2800,5600
301,13,3222,9,2025-09-02,8,1,2300,2300
302,13,3508,9,2025-09-02,9,1,3050,3050
303,13,3870,9,2025-09-02,25,1,400,400
304,22,3364,9,2025-09-02,21,1,150,150
305,22,3742,9,2025-09-02,26,1,2900,2900
306,22,3111,9,2025-09-02,12,1,1250,1250
307,8,1082,9,2025-09-02,11,2,350,700
308,8,6616,9,2025-09-02,7,1,2250,2250
309,8,2003,9,2025-09-02,12,1,50,50
310,16,6696,9,2025-09-02,27,1,2750,2750
311,16,663058,9,2025-09-02,26,1,2500,2500
312,16,3041,9,2025-09-02,11,1,1500,1500
313,16,6673,9,2025-09-02,3,1,3000,3000
314,5,6620,9,2025-09-02,28,2,2200,4400
315,5,3870,9,2025-09-02,13,1,400,400
316,5,663193,9,2025-09-02,18,1,2500,2500
317,19,1082,9,2025-09-02,1,1,350,350
318,19,3020,9,2025-09-02,15,1,1100,1100
319,19,3077,9,2025-09-02,22,1,1200,1200
320,19,3020,9,2025-09-02,27,1,1100,1100
321,21,3508,10,2025-09-04,20,1,3050,3050
322,21,3748,10,2025-09-04,9,1,3300,3300
323,12,663059,10,2025-09-04,32,1,2500,2500
324,12,1105,10,2025-09-04,35,1,450,450
325,4,3085,10,2025-09-04,35,1,2650,2650
326,4,3102,10,2025-09-04,10,1,3000,3000
327,4,323109,10,2025-09-04,7,1,2900,2900
328,22,3330,10,2025-09-04,18,1,150,150
329,22,1029,10,2025-09-04,14,1,300,300
330,22,3112,10,2025-09-04,16,1,950,950
331,22,322065,10,2025-09-04,24,1,2600,2600
332,22,3158,10,2025-09-04,42,2,900,1800
333,8,1043,10,2025-09-04,13,1,700,700
334,8,663193,10,2025-09-04,30,1,2500,2500
335,8,1082,10,2025-09-04,42,1,350,350
336,8,3599,10,2025-09-04,2,1,150,150
337,16,6664,10,2025-09-04,9,1,2800,2800
338,16,6664,10,2025-09-04,5,1,2800,2800
339,1,3179,10,2025-09-04,15,1,2800,2800
340,1,3066,10,2025-09-04,39,1,800,800
341,1,1001,10,2025-09-04,10,1,300,300
342,18,3157,10,2025-09-04,12,1,3250,3250
343,18,1103,10,2025-09-04,2,1,450,450
344,18,2003,10,2025-09-04,16,1,50,50
345,11,1018,10,2025-09-04,4,1,600,600
346,11,1120,10,2025-09-04,34,1,450,450
347,11,1105,10,2025-09-04,31,1,450,450
348,11,3113,10,2025-09-04,33,1,900,900
349,25,3114,10,2025-09-04,40,1,600,600
350,25,1036,10,2025-09-04,34,1,350,350
351,10,1054,11,2025-09-06,11,2,450,900
352,10,3222,11,2025-09-06,5,1,2300,2300
353,10,3031,11,2025-09-06,19,1,3500,3500
354,10,3161,11,2025-09-06,13,1,3100,3100
355,10,3184,11,2025-09-06,15,1,950,950
356,15,1086,11,2025-09-06,4,1,400,400
357,15,322065,11,2025-09-06,29,1,2600,2600
358,15,6653,11,2025-09-06,28,1,3000,3000
359,15,2517,11,2025-09-06,29,1,3100,3100
360,15,2523,11,2025-09-06,27,1,2800,2800
361,21,3089,11,2025-09-06,4,1,3500,3500
362,21,3051,11,2025-09-06,22,1,1200,1200
363,21,3008,11,2025-09-06,5,1,1000,1000
364,21,3876,11,2025-09-06,3,2,400,800
365,21,1082,11,2025-09-06,3,1,350,350
366,1,1083,11,2025-09-06,12,1,450,450
367,1,6676,11,2025-09-06,2,1,3000,3000
368,1,3179,11,2025-09-06,18,2,2800,5600
369,1,3066,11,2025-09-06,14,1,800,800
370,1,3073,11,2025-09-06,25,2,3000,6000
371,2,323050,11,2025-09-06,2,2,2300,4600
372,2,663193,11,2025-09-06,10,1,2500,2500
373,2,3073,11,2025-09-06,17,1,3000,3000
374,2,2512,11,2025-09-06,16,1,2650,2650
375,2,2522,11,2025-09-06,12,1,2800,2800
376,16,1105,11,2025-09-06,19,1,450,450
377,16,2522,11,2025-09-06,28,1,2800,2800
378,16,3170,11,2025-09-06,27,2,1000,2000
379,16,3363,11,2025-09-06,21,1,150,150
380,13,3222,11,2025-09-06,27,2,2300,4600
381,13,3916,11,2025-09-06,6,1,800,800
382,14,4401,11,2025-09-06,30,1,2800,2800
383,14,3068,11,2025-09-06,6,1,2800,2800
384,14,323050,11,2025-09-06,22,1,2300,2300
385,14,3089,11,2025-09-06,24,1,3500,3500
386,4,1082,11,2025-09-06,7,1,350,350
387,4,3082,11,2025-09-06,11,1,1000,1000
388,20,3077,11,2025-09-06,11,1,1200,1200
389,20,6657,11,2025-09-06,20,2,2600,5200
390,20,1057,11,2025-09-06,5,2,850,1700
391,6,3026,12,2025-09-08,17,1,3200,3200
392,6,1105,12,2025-09-08,4,1,450,450
393,6,3033,12,2025-09-08,19,1,3000,3000
394,6,3135,12,2025-09-08,10,1,3000,3000
395,6,1036,12,2025-09-08,20,1,350,350
396,20,1004,12,2025-09-08,7,1,200,200
397,20,6653,12,2025-09-08,9,1,3000,3000
398,2,3065,12,2025-09-08,16,1,2700,2700
399,2,6616,12,2025-09-08,5,1,2250,2250
400,2,3083,12,2025-09-08,8,1,3100,3100
401,2,3142,12,2025-09-08,22,1,2800,2800
402,22,1054,12,2025-09-08,24,1,450,450
403,22,1033,12,2025-09-08,15,1,400,400
404,22,326620,12,2025-09-08,11,1,2600,2600
405,22,3174,12,2025-09-08,13,1,1200,1200
406,3,3036,12,2025-09-08,1,1,3300,3300
407,3,663193,12,2025-09-08,26,1,2500,2500
408,3,663059,12,2025-09-08,27,1,2500,2500
409,3,3877,12,2025-09-08,3,2,400,800
410,3,3110,12,2025-09-08,8,1,2500,2500
411,9,3179,12,2025-09-08,3,1,2800,2800
412,9,3087,12,2025-09-08,24,2,3000,6000
413,9,3068,12,2025-09-08,25,1,2800,2800
414,9,2139,12,2025-09-08,21,1,500,500
415,9,1105,12,2025-09-08,7,1,450,450
416,15,3072,12,2025-09-08,27,1,3400,3400
417,15,3742,12,2025-09-08,8,1,2900,2900
418,15,1101,12,2025-09-08,7,1,450,450
419,15,2140,12,2025-09-08,25,1,500,500
420,14,2141,12,2025-09-08,21,2,300,600
421,14,3139,12,2025-09-08,19,1,3200,3200
422,16,3871,12,2025-09-08,19,2,400,800
423,16,3600,12,2025-09-08,20,1,150,150
424,16,3057,12,2025-09-08,21,2,900,1800
425,16,3051,12,2025-09-08,3,1,1200,1200
426,16,3123,12,2025-09-08,10,1,800,800
427,19,3181,12,2025-09-08,17,1,3000,3000
428,19,1054,12,2025-09-08,15,1,450,450
429,19,1031,12,2025-09-08,27,1,800,800
430,19,3035,12,2025-09-08,28,1,1450,1450
431,3,3057,13,2025-09-10,33,1,900,900
432,3,2031,13,2025-09-10,29,2,150,300
433,3,1101,13,2025-09-10,22,1,450,450
434,20,3143,13,2025-09-10,3,1,2700,2700
435,20,3004,13,2025-09-10,29,1,2900,2900
436,24,3076,13,2025-09-10,19,1,800,800
437,24,3085,13,2025-09-10,22,1,2650,2650
438,24,3870,13,2025-09-10,41,1,400,400
439,17,1052,13,2025-09-10,36,1,400,400
440,17,3870,13,2025-09-10,17,1,400,400
441,17,4642,13,2025-09-10,39,2,900,1800
442,17,323070,13,2025-09-10,6,1,400,400
443,13,326617,13,2025-09-10,26,1,2900,2900
444,13,2003,13,2025-09-10,6,1,50,50
445,13,3050,13,2025-09-10,22,1,2200,2200
446,15,3865,13,2025-09-10,34,1,400,400
447,15,1082,13,2025-09-10,28,1,350,350
448,15,3144,13,2025-09-10,24,1,600,600
449,19,2420,13,2025-09-10,22,2,1600,3200
450,19,663059,13,2025-09-10,13,1,2500,2500
451,19,2522,13,2025-09-10,10,2,2800,5600
452,19,1055,13,2025-09-10,7,1,450,450
453,18,3803,13,2025-09-10,40,1,1300,1300
454,18,2003,13,2025-09-10,10,1,50,50
455,2,2420,13,2025-09-10,40,1,1600,1600
456,2,6676,13,2025-09-10,29,2,3000,6000
457,2,1036,13,2025-09-10,16,1,350,350
458,23,3302,13,2025-09-10,29,1,3000,3000
459,23,2524,13,2025-09-10,20,1,2300,2300
460,23,663193,13,2025-09-10,31,1,2500,2500
461,23,323504,13,2025-09-10,24,1,2600,2600
462,23,3870,13,2025-09-10,29,2,400,800
463,15,3600,14,2025-09-12,12,1,150,150
464,15,3165,14,2025-09-12,23,2,2850,5700
465,10,3033,14,2025-09-12,6,1,3000,3000
466,10,3026,14,2025-09-12,17,1,3200,3200
467,13,6696,14,2025-09-12,30,1,2750,2750
468,13,2520,14,2025-09-12,29,1,3000,3000
469,13,3072,14,2025-09-12,14,2,3400,6800
470,17,3087,14,2025-09-12,8,1,3000,3000
471,17,3084,14,2025-09-12,12,2,3000,6000
472,22,1028,14,2025-09-12,4,1,400,400
473,22,6698,14,2025-09-12,11,1,2850,2850
474,22,6665,14,2025-09-12,2,1,3200,3200
475,14,326617,14,2025-09-12,23,1,2900,2900
476,14,6696,14,2025-09-12,23,1,2750,2750
477,14,3123,14,2025-09-12,1,1,800,800
478,14,323504,14,2025-09-12,9,1,2600,2600
479,6,6697,14,2025-09-12,24,1,2800,2800
480,6,3222,14,2025-09-12,4,1,2300,2300
481,6,6657,14,2025-09-12,10,1,2600,2600
482,7,1037,14,2025-09-12,21,1,875,875
483,7,6670,14,2025-09-12,3,1,1300,1300
484,5,6698,14,2025-09-12,20,2,2850,5700
485,5,3156,14,2025-09-12,17,1,3100,3100
486,9,4632,14,2025-09-12,14,1,1600,1600
487,9,1001,14,2025-09-12,8,1,300,300
488,9,3173,14,2025-09-12,22,1,1250,1250
489,22,323070,15,2025-09-14,41,1,400,400
490,22,3085,15,2025-09-14,17,2,2650,5300
491,22,6616,15,2025-09-14,5,1,2250,2250
492,22,3071,15,2025-09-14,43,1,3000,3000
493,22,3364,15,2025-09-14,38,1,150,150
494,3,2019,15,2025-09-14,35,1,1100,1100
495,3,3068,15,2025-09-14,12,1,2800,2800
496,3,6696,15,2025-09-14,30,1,2750,2750
497,3,667109,15,2025-09-14,41,1,2500,2500
498,17,6676,15,2025-09-14,30,1,3000,3000
499,17,1031,15,2025-09-14,3,1,800,800
500,17,6665,15,2025-09-14,3,1,3200,3200
501,12,328020,15,2025-09-14,26,1,2850,2850
502,12,667666,15,2025-09-14,31,1,3000,3000
503,12,3006,15,2025-09-14,42,1,1100,1100
504,12,2501,15,2025-09-14,4,1,3300,3300
505,24,3026,15,2025-09-14,24,1,3200,3200
506,24,3110,15,2025-09-14,29,2,2500,5000
507,24,323190,15,2025-09-14,22,2,2600,5200
508,24,664644,15,2025-09-14,32,1,2500,2500
509,23,326621,15,2025-09-14,18,1,2900,2900
510,23,6673,15,2025-09-14,28,1,3000,3000
511,23,1056,15,2025-09-14,12,1,400,400
512,23,3158,15,2025-09-14,7,1,900,900
513,18,3065,15,2025-09-14,20,1,2700,2700
514,18,3113,15,2025-09-14,28,1,900,900
515,20,3877,15,2025-09-14,29,1,400,400
516,20,1033,15,2025-09-14,23,1,400,400
517,20,3330,15,2025-09-14,18,2,150,300
518,19,1055,15,2025-09-14,26,1,450,450
519,19,3076,15,2025-09-14,44,1,800,800
520,1,663060,15,2025-09-14,39,1,2500,2500
521,1,3870,15,2025-09-14,3,1,400,400
522,1,1120,15,2025-09-14,42,1,450,450
523,12,6631,16,2025-09-16,9,1,3300,3300
524,12,3153,16,2025-09-16,21,1,3200,3200
525,12,3748,16,2025-09-16,8,1,3300,3300
526,12,1027,16,2025-09-16,32,1,300,300
527,12,3146,16,2025-09-16,36,1,3000,3000
528,25,3020,16,2025-09-16,29,1,1100,1100
529,25,2512,16,2025-09-16,19,2,2650,5300
530,13,2504,16,2025-09-16,5,1,2900,2900
531,13,3114,16,2025-09-16,29,1,600,600
532,13,1058,16,2025-09-16,21,1,1200,1200
533,13,3814,16,2025-09-16,5,1,3000,3000
534,13,3161,16,2025-09-16,20,1,3100,3100
535,19,4630,16,2025-09-16,12,1,1100,1100
536,19,6670,16,2025-09-16,15,1,1300,1300
537,19,1107,16,2025-09-16,9,2,450,900
538,2,6665,16,2025-09-16,24,1,3200,3200
539,2,3165,16,2025-09-16,30,1,2850,2850
540,2,6673,16,2025-09-16,9,2,3000,6000
541,20,1052,16,2025-09-16,31,1,400,400
542,20,3152,16,2025-09-16,27,1,2650,2650
543,5,1120,16,2025-09-16,5,2,450,900
544,5,3114,16,2025-09-16,34,1,600,600
545,15,1120,16,2025-09-16,36,2,450,900
546,15,3599,16,2025-09-16,9,1,150,150
547,15,3109,16,2025-09-16,4,1,2300,2300
548,15,6696,16,2025-09-16,10,1,2750,2750
549,24,2138,16,2025-09-16,15,1,500,500
550,24,3071,16,2025-09-16,34,2,3000,6000
551,24,323190,16,2025-09-16,6,1,2600,2600
552,24,3006,16,2025-09-16,36,1,1100,1100
553,17,1120,16,2025-09-16,40,1,450,450
554,17,3155,16,2025-09-16,11,1,1300,1300
555,17,3181,16,2025-09-16,10,2,3000,6000
556,17,2139,16,2025-09-16,39,1,500,500
557,11,3140,17,2025-09-18,18,2,1300,2600
558,11,3036,17,2025-09-18,10,1,3300,3300
559,19,3003,17,2025-09-18,22,1,2900,2900
560,19,3091,17,2025-09-18,3,1,2800,2800
561,19,3877,17,2025-09-18,15,1,400,400
562,19,3100,17,2025-09-18,7,1,2900,2900
563,19,3070,17,2025-09-18,11,1,400,400
564,2,4646,17,2025-09-18,12,2,2800,5600
565,2,664644,17,2025-09-18,25,1,2500,2500
566,2,3077,17,2025-09-18,4,1,1200,1200
567,2,3053,17,2025-09-18,4,1,3200,3200
568,1,3114,17,2025-09-18,4,1,600,600
569,1,1037,17,2025-09-18,13,1,875,875
570,1,323004,17,2025-09-18,8,1,2900,2900
571,1,663172,17,2025-09-18,6,2,2500,5000
572,3,663039,17,2025-09-18,11,1,2500,2500
573,3,2501,17,2025-09-18,16,1,3300,3300
574,3,3145,17,2025-09-18,10,1,1100,1100
575,3,3140,17,2025-09-18,13,1,1300,1300
576,23,663193,17,2025-09-18,19,1,2500,2500
577,23,3073,17,2025-09-18,10,1,3000,3000
578,23,3139,17,2025-09-18,21,1,3200,3200
579,23,3869,17,2025-09-18,18,1,400,400
580,23,1006,17,2025-09-18,14,1,300,300
581,24,323107,17,2025-09-18,12,1,2800,2800
582,24,6631,17,2025-09-18,2,1,3300,3300
583,24,3089,17,2025-09-18,18,1,3500,3500
584,9,3075,17,2025-09-18,3,1,2450,2450
585,9,3084,17,2025-09-18,25,1,3000,3000
586,9,3161,17,2025-09-18,20,1,3100,3100
587,7,1120,17,2025-09-18,13,2,450,900
588,7,3078,17,2025-09-18,11,1,3333,3333
589,14,6620,17,2025-09-18,20,1,2200,2200
590,14,3144,17,2025-09-18,2,1,600,600
591,14,1036,17,2025-09-18,23,1,350,350
592,14,3067,17,2025-09-18,17,1,800,800
593,15,3143,18,2025-08-15,18,1,2700,2700
594,15,3137,18,2025-08-15,10,1,3000,3000
595,15,3124,18,2025-08-15,12,1,3000,3000
596,15,3066,18,2025-08-15,14,1,800,800
597,5,6670,18,2025-08-15,23,2,1300,2600
598,5,3504,18,2025-08-15,16,1,2200,2200
599,5,3020,18,2025-08-15,25,2,1100,2200
600,5,3175,18,2025-08-15,24,1,1100,1100
601,20,3177,18,2025-08-15,17,1,950,950
602,20,3504,18,2025-08-15,25,1,2200,2200
603,17,2022,18,2025-08-15,8,1,250,250
604,17,1029,18,2025-08-15,23,1,300,300
605,17,1103,18,2025-08-15,15,1,450,450
606,17,3051,18,2025-08-15,14,1,1200,1200
607,17,3877,18,2025-08-15,17,1,400,400
608,24,323070,18,2025-08-15,24,1,400,400
609,24,1043,18,2025-08-15,17,1,700,700
610,24,2510,18,2025-08-15,22,1,3100,3100
611,24,3133,18,2025-08-15,11,1,1050,1050
612,24,663064,18,2025-08-15,18,1,900,900
613,11,3158,18,2025-08-15,25,1,900,900
614,11,323050,18,2025-08-15,21,1,2300,2300
615,11,6673,18,2025-08-15,20,1,3000,3000
616,11,3134,18,2025-08-15,8,1,1000,1000
617,23,3168,18,2025-08-15,10,1,1000,1000
618,23,6655,18,2025-08-15,7,1,2750,2750
619,23,3877,18,2025-08-15,11,1,400,400
620,23,3133,18,2025-08-15,24,1,1050,1050
621,6,3035,18,2025-08-15,22,1,1450,1450
622,6,3158,18,2025-08-15,13,1,900,900
623,6,6692,18,2025-08-15,25,1,2900,2900
624,6,6673,18,2025-08-15,2,1,3000,3000
625,13,663064,18,2025-08-15,12,1,900,900
626,13,326621,18,2025-08-15,9,1,2900,2900
627,13,6616,18,2025-08-15,7,1,2250,2250
628,13,6695,18,2025-08-15,18,1,2500,2500
629,10,2020,18,2025-08-15,24,1,1337,1337
630,10,3179,18,2025-08-15,2,1,2800,2800
631,10,3865,18,2025-08-15,8,2,400,800
632,10,3599,18,2025-08-15,4,1,150,150
633,14,3133,19,2025-08-17,19,1,1050,1050
634,14,3057,19,2025-08-17,4,1,900,900
635,14,324005,19,2025-08-17,15,1,2400,2400
636,14,3155,19,2025-08-17,3,1,1300,1300
637,14,326616,19,2025-08-17,27,2,2600,5200
638,11,663039,19,2025-08-17,26,2,2500,5000
639,11,6664,19,2025-08-17,19,1,2800,2800
640,11,323075,19,2025-08-17,20,1,2650,2650
641,23,326657,19,2025-08-17,19,2,2600,5200
642,23,3115,19,2025-08-17,32,2,2900,5800
643,16,8020,19,2025-08-17,18,1,2650,2650
644,16,2502,19,2025-08-17,22,1,2800,2800
645,16,2065,19,2025-08-17,17,1,2200,2200
646,4,1011,19,2025-08-17,19,1,900,900
647,4,3172,19,2025-08-17,13,1,1100,1100
648,4,2140,19,2025-08-17,26,1,500,500
649,5,3145,19,2025-08-17,26,1,1100,1100
650,5,3865,19,2025-08-17,9,1,400,400
651,5,3133,19,2025-08-17,16,1,1050,1050
652,5,1004,19,2025-08-17,16,1,200,200
653,5,3113,19,2025-08-17,22,1,900,900
654,1,3177,19,2025-08-17,1,1,950,950
655,1,3009,19,2025-08-17,16,1,1000,1000
656,1,1043,19,2025-08-17,30,1,700,700
657,1,3047,19,2025-08-17,20,1,1200,1200
658,18,3599,19,2025-08-17,19,2,150,300
659,18,3077,19,2025-08-17,15,1,1200,1200
660,6,3133,19,2025-08-17,24,1,1050,1050
661,6,3100,19,2025-08-17,31,1,2900,2900
662,6,6620,19,2025-08-17,14,1,2200,2200
663,25,3871,19,2025-08-17,6,1,400,400
664,25,3152,19,2025-08-17,24,1,2650,2650
665,25,1055,19,2025-08-17,8,2,450,900
666,2,3871,20,2025-08-19,19,1,400,400
667,2,3137,20,2025-08-19,17,1,3000,3000
668,18,6676,20,2025-08-19,5,1,3000,3000
669,18,3145,20,2025-08-19,19,1,1100,1100
670,18,1042,20,2025-08-19,22,1,250,250
671,18,6675,20,2025-08-19,1,1,2650,2650
672,18,3087,20,2025-08-19,1,1,3000,3000
673,17,3175,20,2025-08-19,14,1,1100,1100
674,17,3071,20,2025-08-19,18,1,3000,3000
675,17,1043,20,2025-08-19,3,2,700,1400
676,7,1029,20,2025-08-19,6,1,300,300
677,7,6653,20,2025-08-19,21,1,3000,3000
678,7,667101,20,2025-08-19,14,1,2500,2500
679,7,3078,20,2025-08-19,13,2,3333,6666
680,7,3113,20,2025-08-19,13,2,900,1800
681,19,1056,20,2025-08-19,22,1,400,400
682,19,323070,20,2025-08-19,21,1,400,400
683,19,323003,20,2025-08-19,6,1,2900,2900
684,19,3156,20,2025-08-19,5,1,3100,3100
685,19,4645,20,2025-08-19,27,2,3200,6400
686,24,6620,20,2025-08-19,10,1,2200,2200
687,24,3118,20,2025-08-19,18,1,2700,2700
688,5,3155,20,2025-08-19,8,1,1300,1300
689,5,3004,20,2025-08-19,5,1,2900,2900
690,5,3031,20,2025-08-19,29,1,3500,3500
691,5,4642,20,2025-08-19,2,1,900,900
692,5,6676,20,2025-08-19,20,1,3000,3000
693,6,2526,20,2025-08-19,4,1,2250,2250
694,6,3184,20,2025-08-19,20,1,950,950
695,11,3003,20,2025-08-19,13,1,2900,2900
696,11,3111,20,2025-08-19,7,1,1250,1250
697,15,2020,20,2025-08-19,10,1,1337,1337
698,15,2524,20,2025-08-19,24,1,2300,2300
699,19,3044,21,2025-08-21,36,1,1100,1100
700,19,663059,21,2025-08-21,12,1,2500,2500
701,19,3364,21,2025-08-21,36,1,150,150
702,19,3139,21,2025-08-21,23,1,3200,3200
703,19,663058,21,2025-08-21,25,1,2500,2500
704,11,4005,21,2025-08-21,10,1,2400,2400
705,11,3044,21,2025-08-21,35,1,1100,1100
706,11,3124,21,2025-08-21,15,1,3000,3000
707,11,3044,21,2025-08-21,10,2,1100,2200
708,25,326617,21,2025-08-21,27,1,2900,2900
709,25,663193,21,2025-08-21,34,1,2500,2500
710,25,2019,21,2025-08-21,17,1,1100,1100
711,25,2508,21,2025-08-21,6,1,900,900
712,25,326621,21,2025-08-21,24,1,2900,2900
713,20,3156,21,2025-08-21,13,1,3100,3100
714,20,1038,21,2025-08-21,39,1,1300,1300
715,24,323070,21,2025-08-21,38,1,400,400
716,24,4642,21,2025-08-21,14,1,900,900
717,8,2510,21,2025-08-21,22,2,3100,6200
718,8,3046,21,2025-08-21,1,2,2650,5300
719,8,2512,21,2025-08-21,8,2,2650,5300
720,8,6616,21,2025-08-21,31,2,2250,4500
721,8,326617,21,2025-08-21,39,1,2900,2900
722,10,3087,21,2025-08-21,36,2,3000,6000
723,10,3057,21,2025-08-21,25,1,900,900
724,10,3119,21,2025-08-21,23,1,2400,2400
725,5,3009,21,2025-08-21,32,1,1000,1000
726,5,3119,21,2025-08-21,31,1,2400,2400
727,5,6621,21,2025-08-21,14,1,2500,2500
728,5,3077,21,2025-08-21,3,1,1200,1200
729,17,6609,21,2025-08-21,17,1,3000,3000
730,17,3165,21,2025-08-21,38,2,2850,5700
731,17,4633,21,2025-08-21,10,1,3100,3100
732,22,3066,21,2025-08-21,37,1,800,800
733,22,6697,21,2025-08-21,36,1,2800,2800
734,22,3801,21,2025-08-21,22,2,800,1600
735,9,326617,22,2025-08-23,21,2,2900,5800
736,9,663146,22,2025-08-23,2,1,2500,2500
737,9,6698,22,2025-08-23,22,1,2850,2850
738,16,6631,22,2025-08-23,5,1,3300,3300
739,16,6699,22,2025-08-23,3,1,3000,3000
740,21,1006,22,2025-08-23,15,1,300,300
741,21,3078,22,2025-08-23,21,1,3333,3333
742,21,3814,22,2025-08-23,16,2,3000,6000
743,24,1018,22,2025-08-23,18,1,600,600
744,24,3095,22,2025-08-23,17,1,3200,3200
745,24,4633,22,2025-08-23,10,1,3100,3100
746,24,1018,22,2025-08-23,23,1,600,600
747,24,3869,22,2025-08-23,6,1,400,400
748,15,326620,22,2025-08-23,5,1,2600,2600
749,15,2526,22,2025-08-23,17,1,2250,2250
750,6,6690,22,2025-08-23,13,1,775,775
751,6,1056,22,2025-08-23,13,1,400,400
752,6,3116,22,2025-08-23,23,1,2600,2600
753,6,2522,22,2025-08-23,3,1,2800,2800
754,12,1082,22,2025-08-23,13,1,350,350
755,12,3165,22,2025-08-23,21,1,2850,2850
756,20,4401,22,2025-08-23,16,1,2800,2800
757,20,8010,22,2025-08-23,11,1,2900,2900
758,5,323190,22,2025-08-23,2,1,2600,2600
759,5,2523,22,2025-08-23,23,1,2800,2800
760,22,3026,22,2025-08-23,3,1,3200,3200
761,22,3876,22,2025-08-23,18,2,400,800
762,22,3171,22,2025-08-23,6,1,900,900
763,22,326657,22,2025-08-23,1,2,2600,5200
764,22,663172,22,2025-08-23,5,1,2500,2500
765,25,6620,23,2025-08-25,26,1,2200,2200
766,25,667666,23,2025-08-25,3,1,3000,3000
767,25,3142,23,2025-08-25,12,1,2800,2800
768,25,1038,23,2025-08-25,8,1,1300,1300
769,25,6698,23,2025-08-25,20,1,2850,2850
770,23,664011,23,2025-08-25,1,1,2500,2500
771,23,3508,23,2025-08-25,15,1,3050,3050
772,23,3137,23,2025-08-25,18,1,3000,3000
773,23,663056,23,2025-08-25,6,1,2500,2500
774,23,3871,23,2025-08-25,13,1,400,400
775,13,6655,23,2025-08-25,26,1,2750,2750
776,13,3004,23,2025-08-25,3,1,2900,2900
777,3,2051,23,2025-08-25,26,1,950,950
778,3,3508,23,2025-08-25,13,1,3050,3050
779,3,3053,23,2025-08-25,3,1,3200,3200
780,3,1004,23,2025-08-25,15,2,200,400
781,10,6621,23,2025-08-25,5,1,2500,2500
782,10,1058,23,2025-08-25,15,1,1200,1200
783,10,3168,23,2025-08-25,14,1,1000,1000
784,10,1101,23,2025-08-25,12,1,450,450
785,6,3184,23,2025-08-25,11,1,950,950
786,6,323004,23,2025-08-25,10,1,2900,2900
787,19,3085,23,2025-08-25,24,1,2650,2650
788,19,323222,23,2025-08-25,8,1,2800,2800
789,19,3173,23,2025-08-25,22,1,1250,1250
790,19,3083,23,2025-08-25,9,1,3100,3100
791,19,3046,23,2025-08-25,5,1,2650,2650
792,8,2138,23,2025-08-25,14,1,500,500
793,8,3044,23,2025-08-25,3,1,1100,1100
794,24,3006,23,2025-08-25,24,2,1100,2200
795,24,3364,23,2025-08-25,20,1,150,150
796,24,2503,23,2025-08-25,5,1,2800,2800
797,24,3046,23,2025-08-25,13,1,2650,2650
798,11,6699,23,2025-08-25,26,1,3000,3000
799,11,323003,23,2025-08-25,11,1,2900,2900
800,11,3109,23,2025-08-25,28,1,2300,2300
801,11,3748,23,2025-08-25,5,2,3300,6600
802,10,663193,24,2025-08-27,16,1,2500,2500
803,10,3065,24,2025-08-27,26,1,2700,2700
804,10,3076,24,2025-08-27,13,1,800,800
805,10,3181,24,2025-08-27,12,2,3000,6000
806,10,3871,24,2025-08-27,2,1,400,400
807,11,663058,24,2025-08-27,29,1,2500,2500
808,11,6672,24,2025-08-27,5,1,3000,3000
809,11,6692,24,2025-08-27,27,1,2900,2900
810,11,3869,24,2025-08-27,20,1,400,400
811,11,2526,24,2025-08-27,10,1,2250,2250
812,20,6665,24,2025-08-27,29,1,3200,3200
813,20,667666,24,2025-08-27,26,1,3000,3000
814,20,3155,24,2025-08-27,27,1,1300,1300
815,20,3158,24,2025-08-27,24,1,900,900
816,20,4401,24,2025-08-27,35,2,2800,5600
817,7,1102,24,2025-08-27,23,1,450,450
818,7,2138,24,2025-08-27,3,1,500,500
819,16,663193,24,2025-08-27,28,1,2500,2500
820,16,1102,24,2025-08-27,17,1,450,450
821,16,2520,24,2025-08-27,34,1,3000,3000
822,16,3168,24,2025-08-27,15,1,1000,1000
823,16,3113,24,2025-08-27,30,1,900,900
824,24,3071,24,2025-08-27,31,2,3000,6000
825,24,1101,24,2025-08-27,6,1,450,450
826,24,1105,24,2025-08-27,10,1,450,450
827,6,3050,24,2025-08-27,14,1,2200,2200
828,6,3147,24,2025-08-27,31,1,1300,1300
829,6,1083,24,2025-08-27,29,1,450,450
830,6,3053,24,2025-08-27,3,1,3200,3200
831,13,1026,24,2025-08-27,7,1,850,850
832,13,3870,24,2025-08-27,16,1,400,400
833,23,3165,24,2025-08-27,28,1,2850,2850
834,23,663146,24,2025-08-27,26,1,2500,2500
835,23,3504,24,2025-08-27,28,1,2200,2200
836,25,1028,24,2025-08-27,13,1,400,400
837,25,3114,24,2025-08-27,25,1,600,600
838,25,1004,24,2025-08-27,14,1,200,200
839,25,3032,24,2025-08-27,5,1,3000,3000
840,25,3174,24,2025-08-27,35,1,1200,1200
841,6,3302,25,2025-08-29,8,1,3000,3000
842,6,3072,25,2025-08-29,30,1,3400,3400
843,6,3340,25,2025-08-29,44,1,150,150
844,6,4628,25,2025-08-29,40,1,2700,2700
845,6,3181,25,2025-08-29,9,1,3000,3000
846,12,1106,25,2025-08-29,8,1,450,450
847,12,2420,25,2025-08-29,10,1,1600,1600
848,12,3144,25,2025-08-29,39,1,600,600
849,12,2020,25,2025-08-29,28,1,1337,1337
850,11,3135,25,2025-08-29,42,1,3000,3000
851,11,328020,25,2025-08-29,36,2,2850,5700
852,11,2138,25,2025-08-29,9,1,500,500
853,7,3051,25,2025-08-29,40,1,1200,1200
854,7,1038,25,2025-08-29,1,2,1300,2600
855,7,3135,25,2025-08-29,25,1,3000,3000
856,15,3094,25,2025-08-29,27,1,2650,2650
857,15,4629,25,2025-08-29,32,1,3000,3000
858,15,2138,25,2025-08-29,2,1,500,500
859,15,6670,25,2025-08-29,19,1,1300,1300
860,15,1029,25,2025-08-29,35,1,300,300
861,4,2139,25,2025-08-29,37,1,500,500
862,4,6610,25,2025-08-29,32,1,3100,3100
863,4,3161,25,2025-08-29,37,1,3100,3100
864,4,1105,25,2025-08-29,35,1,450,450
865,9,3157,25,2025-08-29,3,1,3250,3250
866,9,6621,25,2025-08-29,35,1,2500,2500
867,9,2517,25,2025-08-29,7,2,3100,6200
868,9,6333,25,2025-08-29,16,1,3300,3300
869,16,323070,25,2025-08-29,29,2,400,800
870,16,3020,25,2025-08-29,6,1,1100,1100
871,16,3111,25,2025-08-29,8,2,1250,2500
872,16,6657,25,2025-08-29,14,1,2600,2600
873,17,323003,25,2025-08-29,41,1,2900,2900
874,17,3108,25,2025-08-29,9,1,850,850
875,17,6662,25,2025-08-29,14,1,2900,2900
876,17,6675,25,2025-08-29,23,1,2650,2650
877,23,3184,25,2025-08-29,21,1,950,950
878,23,667101,25,2025-08-29,19,1,2500,2500
879,23,3173,25,2025-08-29,33,1,1250,1250
880,23,667112,25,2025-08-29,7,2,2500,5000
881,5,6621,26,2025-08-31,13,1,2500,2500
882,5,3137,26,2025-08-31,9,1,3000,3000
883,5,3364,26,2025-08-31,15,1,150,150
884,14,3508,26,2025-08-31,3,1,3050,3050
885,14,3091,26,2025-08-31,9,1,2800,2800
886,2,3115,26,2025-08-31,11,2,2900,5800
887,2,3175,26,2025-08-31,3,1,1100,1100
888,2,4646,26,2025-08-31,12,2,2800,5600
889,2,8020,26,2025-08-31,18,1,2650,2650
890,9,2517,26,2025-08-31,7,2,3100,6200
891,9,3139,26,2025-08-31,10,1,3200,3200
892,9,3068,26,2025-08-31,5,1,2800,2800
893,9,3171,26,2025-08-31,11,2,900,1800
894,9,323119,26,2025-08-31,2,1,2400,2400
895,21,1086,26,2025-08-31,15,1,400,400
896,21,1018,26,2025-08-31,6,1,600,600
897,25,3115,26,2025-08-31,14,1,2900,2900
898,25,2504,26,2025-08-31,5,2,2900,5800
899,25,323107,26,2025-08-31,6,1,2800,2800
900,25,323070,26,2025-08-31,9,2,400,800
901,25,1082,26,2025-08-31,9,1,350,350
902,20,3078,26,2025-08-31,6,1,3333,3333
903,20,1038,26,2025-08-31,10,1,1300,1300
904,8,3108,26,2025-08-31,4,1,850,850
905,8,1001,26,2025-08-31,3,1,300,300
906,8,2003,26,2025-08-31,17,1,50,50
907,19,1006,26,2025-08-31,11,1,300,300
908,19,6692,26,2025-08-31,14,1,2900,2900
909,19,3916,26,2025-08-31,3,1,800,800
910,19,2523,26,2025-08-31,4,1,2800,2800
911,19,1101,26,2025-08-31,10,1,450,450
912,11,3083,26,2025-08-31,5,1,3100,3100
913,11,3600,26,2025-08-31,5,2,150,300
914,11,1053,26,2025-08-31,1,1,900,900
915,20,323190,27,2025-09-02,4,1,2600,2600
916,20,3179,27,2025-09-02,12,1,2800,2800
917,21,3051,27,2025-09-02,8,1,1200,1200
918,21,3031,27,2025-09-02,8,1,3500,3500
919,21,3165,27,2025-09-02,20,1,2850,2850
920,21,3033,27,2025-09-02,1,1,3000,3000
921,21,8020,27,2025-09-02,10,1,2650,2650
922,6,3146,27,2025-09-02,7,1,3000,3000
923,6,6616,27,2025-09-02,2,1,2250,2250
924,6,6662,27,2025-09-02,8,2,2900,5800
925,15,3084,27,2025-09-02,16,1,3000,3000
926,15,3599,27,2025-09-02,17,1,150,150
927,15,323110,27,2025-09-02,12,2,2700,5400
928,15,663039,27,2025-09-02,13,1,2500,2500
929,15,323003,27,2025-09-02,14,1,2900,2900
930,12,3158,27,2025-09-02,16,1,900,900
931,12,663064,27,2025-09-02,3,2,900,1800
932,12,1018,27,2025-09-02,1,1,600,600
933,12,3020,27,2025-09-02,2,1,1100,1100
934,7,3143,27,2025-09-02,17,1,2700,2700
935,7,6653,27,2025-09-02,13,1,3000,3000
936,7,1057,27,2025-09-02,18,1,850,850
937,7,3330,27,2025-09-02,3,1,150,150
938,7,3050,27,2025-09-02,7,1,2200,2200
939,5,3156,27,2025-09-02,19,1,3100,3100
940,5,3508,27,2025-09-02,3,1,3050,3050
941,5,3050,27,2025-09-02,8,1,2200,2200
942,14,3003,27,2025-09-02,14,1,2900,2900
943,14,1105,27,2025-09-02,20,1,450,450
944,22,3050,27,2025-09-02,6,1,2200,2200
945,22,1106,27,2025-09-02,5,1,450,450
946,25,2065,27,2025-09-02,12,1,2200,2200
947,25,3147,27,2025-09-02,9,1,1300,1300
948,6,4630,28,2025-09-04,5,2,1100,2200
949,6,3140,28,2025-09-04,24,1,1300,1300
950,6,1042,28,2025-09-04,37,1,250,250
951,6,2138,28,2025-09-04,17,1,500,500
952,12,323119,28,2025-09-04,8,1,2400,2400
953,12,2523,28,2025-09-04,1,1,2800,2800
954,5,322526,28,2025-09-04,16,2,2250,4500
955,5,1036,28,2025-09-04,25,1,350,350
956,9,2141,28,2025-09-04,3,2,300,600
957,9,3165,28,2025-09-04,27,1,2850,2850
958,9,2522,28,2025-09-04,27,1,2800,2800
959,4,3026,28,2025-09-04,37,1,3200,3200
960,4,3078,28,2025-09-04,4,1,3333,3333
961,4,2141,28,2025-09-04,34,1,300,300
962,4,667109,28,2025-09-04,26,1,2500,2500
963,1,323075,28,2025-09-04,19,1,2650,2650
964,1,6657,28,2025-09-04,21,1,2600,2600
965,11,3165,28,2025-09-04,24,1,2850,2850
966,11,2504,28,2025-09-04,20,1,2900,2900
967,14,3118,28,2025-09-04,32,1,2700,2700
968,14,6655,28,2025-09-04,35,1,2750,2750
969,14,6621,28,2025-09-04,10,1,2500,2500
970,22,328020,28,2025-09-04,15,1,2850,2850
971,22,3157,28,2025-09-04,1,1,3250,3250
972,3,1001,28,2025-09-04,25,1,300,300
973,3,8020,28,2025-09-04,20,1,2650,2650
974,3,1101,28,2025-09-04,16,1,450,450
975,3,3102,28,2025-09-04,4,1,3000,3000
976,5,3175,29,2025-09-06,9,1,1100,1100
977,5,3599,29,2025-09-06,5,1,150,150
978,23,3110,29,2025-09-06,9,1,2500,2500
979,23,2525,29,2025-09-06,21,1,2600,2600
980,9,4401,29,2025-09-06,21,1,2800,2800
981,9,3053,29,2025-09-06,15,1,3200,3200
982,9,1055,29,2025-09-06,9,2,450,900
983,9,6660,29,2025-09-06,7,1,900,900
984,9,2051,29,2025-09-06,29,1,950,950
985,3,3051,29,2025-09-06,23,1,1200,1200
986,3,663172,29,2025-09-06,29,1,2500,2500
987,3,3047,29,2025-09-06,8,1,1200,1200
988,3,1082,29,2025-09-06,20,1,350,350
989,3,6695,29,2025-09-06,3,1,2500,2500
990,2,6697,29,2025-09-06,10,2,2800,5600
991,2,1082,29,2025-09-06,23,1,350,350
992,2,3087,29,2025-09-06,20,1,3000,3000
993,8,6692,29,2025-09-06,2,2,2900,5800
994,8,663060,29,2025-09-06,29,1,2500,2500
995,8,3168,29,2025-09-06,16,1,1000,1000
996,8,1083,29,2025-09-06,9,1,450,450
997,17,1011,29,2025-09-06,15,1,900,900
998,17,2003,29,2025-09-06,26,1,50,50
999,14,3876,29,2025-09-06,6,1,400,400
1000,14,3177,29,2025-09-06,5,1,950,950
1001,14,1026,29,2025-09-06,13,2,850,1700
1002,14,323504,29,2025-09-06,9,1,2600,2600
1003,12,323504,29,2025-09-06,22,1,2600,2600
1004,12,1107,29,2025-09-06,30,1,450,450
1005,15,2139,29,2025-09-06,28,2,500,1000
1006,15,6694,29,2025-09-06,32,1,3000,3000
1007,1,323109,30,2025-09-08,20,1,2900,2900
1008,1,3340,30,2025-09-08,21,1,150,150
1009,1,3041,30,2025-09-08,18,1,1500,1500
1010,1,3133,30,2025-09-08,9,1,1050,1050
1011,1,3084,30,2025-09-08,7,1,3000,3000
1012,13,3504,30,2025-09-08,18,2,2200,4400
1013,13,6670,30,2025-09-08,13,1,1300,1300
1014,13,6662,30,2025-09-08,16,1,2900,2900
1015,22,3071,30,2025-09-08,17,2,3000,6000
1016,22,3057,30,2025-09-08,6,1,900,900
1017,22,1027,30,2025-09-08,8,1,300,300
1018,22,1028,30,2025-09-08,9,2,400,800
1019,22,1042,30,2025-09-08,16,1,250,250
1020,14,6653,30,2025-09-08,8,1,3000,3000
1021,14,664644,30,2025-09-08,8,1,2500,2500
1022,14,3802,30,2025-09-08,18,1,1200,1200
1023,14,6690,30,2025-09-08,2,1,775,775
1024,6,3174,30,2025-09-08,13,1,1200,1200
1025,6,3073,30,2025-09-08,6,2,3000,6000
1026,6,2141,30,2025-09-08,11,1,300,300
1027,12,326616,30,2025-09-08,12,1,2600,2600
1028,12,663059,30,2025-09-08,5,1,2500,2500
1029,12,3171,30,2025-09-08,16,2,900,1800
1030,12,3157,30,2025-09-08,16,1,3250,3250
1031,7,1082,30,2025-09-08,20,1,350,350
1032,7,2520,30,2025-09-08,16,1,3000,3000
1033,21,3066,30,2025-09-08,7,2,800,1600
1034,21,6675,30,2025-09-08,6,1,2650,2650
1035,9,1043,30,2025-09-08,19,1,700,700
1036,9,4628,30,2025-09-08,4,2,2700,5400
1037,9,8010,30,2025-09-08,12,1,2900,2900
1038,9,663146,30,2025-09-08,22,1,2500,2500
1039,17,3179,30,2025-09-08,10,1,2800,2800
1040,17,3057,30,2025-09-08,6,1,900,900
1041,17,4646,30,2025-09-08,21,2,2800,5600
1042,17,663146,30,2025-09-08,11,1,2500,2500
1043,17,2140,30,2025-09-08,18,1,500,500
