item_id,id_categoria
1001,7
1004,22
1006,15
1011,14
1018,10
1026,27
1027,21
1028,14
1029,3
1031,3
1033,26
1036,11
1036,17
1037,11
1038,11
1042,5
1043,5
1043,24
1052,27
1053,11
1053,18
1054,14
1054,15
1054,17
1055,14
1055,11
1055,18
1055,28
1055,17
1056,14
1056,17
1056,22
1056,27
1057,26
1058,27
1082,14
1082,27
1082,17
1083,11
1083,24
1083,17
1086,11
1086,5
1086,28
1086,17
1101,16
1102,16
1103,16
1105,16
1106,16
1107,16
1120,14
1120,26
1120,3
1120,17
2003,15
2003,8
2003,17
2003,16
2019,3
2019,11
2020,11
2020,9
2020,4
2021,14
2021,11
2022,9
2031,15
2031,8
2031,2
2031,17
2031,16
2051,14
2051,15
2051,17
2055,8
2055,17
2055,29
2055,32
2065,27
2065,22
2065,2
2065,9
2065,23
2065,1
2138,14
2138,8
2138,23
2138,30
2139,8
2139,22
2139,27
2140,8
2140,11
2140,18
2140,28
2141,11
2141,8
2420,3
2420,27
2420,2
2421,12
2501,14
2501,11
2502,14
2502,3
2502,9
2502,1
2503,27
2503,21
2503,9
2503,1
2504,14
2504,26
2504,15
2508,27
2510,14
2510,5
2510,27
2510,24
2510,1
2512,10
2512,5
2512,23
2512,1
2517,11
2517,18
2517,28
2517,30
2517,1
2520,11
2520,4
2520,1
2522,27
2522,21
2522,1
2523,11
2523,10
2524,14
2524,26
2524,3
2524,5
2524,23
2524,1
2525,14
2525,23
2525,30
2525,1
2526,14
2526,21
2526,22
3003,27
3003,21
3003,1
3004,11
3004,21
3004,9
3004,24
3004,1
3006,5
3006,7
3008,18
3008,28
3008,7
3009,7
3020,7
3020,19
3024,3
3024,21
3024,9
3024,1
3026,3
3026,11
3031,10
3031,11
3032,11
3032,10
3032,5
3033,11
3033,10
3033,4
3035,4
3035,11
3036,11
3036,10
3036,4
3041,14
3041,27
3041,23
3044,14
3044,11
3044,23
3046,10
3046,5
3046,23
3047,3
3047,7
3050,14
3050,26
3050,3
3050,1
3051,11
3051,5
3053,14
3053,11
3053,30
3057,24
3057,1
3065,14
3065,26
3065,15
3065,9
3065,1
3066,14
3066,23
3067,14
3067,9
3067,1
3068,14
3068,3
3068,6
3068,1
3070,21
3070,22
3071,14
3071,11
3071,9
3071,24
3071,23
3071,4
3071,1
3072,11
3072,18
3073,14
3073,11
3073,5
3073,9
3073,23
3073,1
3074,11
3074,18
3074,9
3074,24
3074,1
3075,14
3075,3
3076,3
3077,11
3077,24
3078,14
3078,11
3078,5
3078,9
3078,24
3078,23
3078,1
3082,3
3083,14
3083,15
3084,14
3084,15
3085,10
3085,5
3085,24
3085,23
3086,10
3086,5
3086,23
3087,11
3087,5
3087,27
3087,24
3087,23
3089,27
3091,26
3091,5
3091,24
3091,30
3094,10
3094,5
3094,23
3095,11
3095,10
3095,5
3095,23
3100,27
3100,24
3100,23
3100,1
3102,26
3102,27
3107,27
3107,22
3107,9
3107,1
3108,27
3108,9
3108,1
3109,14
3109,15
3109,3
3109,6
3109,2
3109,9
3109,1
3110,3
3110,21
3110,6
3110,9
3110,1
3111,7
3111,26
3111,30
3112,14
3112,27
3112,22
3112,17
3113,23
3113,27
3114,22
3115,5
3115,27
3115,24
3115,1
3116,14
3116,27
3116,25
3118,27
3118,21
3118,1
3119,14
3119,21
3119,1
3123,11
3124,11
3124,5
3124,27
3124,24
3133,11
3133,9
3133,1
3134,11
3134,4
3135,19
3135,27
3137,27
3137,19
3137,1
3139,26
3139,11
3139,18
3139,2
3139,23
3139,30
3140,2
3140,26
3142,11
3142,2
3142,23
3142,4
3143,14
3143,3
3143,2
3143,25
3144,5
3145,27
3146,11
3146,18
3146,27
3146,2
3146,28
3147,14
3147,27
3152,14
3152,27
3152,2
3152,9
3152,23
3152,1
3153,11
3153,5
3153,18
3153,25
3153,24
3155,11
3155,26
3156,26
3156,11
3156,18
3156,28
3156,1
3157,3
3157,27
3157,2
3158,7
3158,9
3161,14
3161,11
3161,1
3165,14
3165,27
3165,9
3165,1
3168,18
3168,28
3168,7
3170,7
3171,9
3171,7
3172,5
3172,18
3172,23
3173,26
3173,7
3173,30
3173,20
3174,3
3174,7
3175,7
3175,19
3177,14
3177,11
3177,17
3177,1
3179,11
3179,32
3179,9
3179,4
3179,1
3181,14
3181,11
3181,23
3184,14
3184,11
3184,18
3184,17
3190,14
3190,26
3190,3
3190,6
3190,2
3190,20
3190,1
3211,14
3211,15
3211,26
3222,14
3222,22
3222,2
3222,9
3222,30
3222,1
3302,11
3302,5
3302,24
3302,19
3302,4
3330,2
3330,16
3330,17
3330,31
3330,32
3340,2
3340,16
3340,17
3340,31
3340,32
3363,2
3363,31
3363,32
3364,2
3364,31
3364,32
3504,5
3504,27
3504,22
3504,23
3508,11
3508,10
3508,22
3508,9
3508,24
3508,1
3599,8
3600,8
3742,14
3742,3
3742,25
3742,23
3748,14
3748,15
3748,11
3748,24
3801,14
3801,15
3802,27
3802,21
3802,22
3802,9
3802,1
3803,14
3803,15
3803,21
3803,22
3814,14
3814,11
3814,4
3865,14
3865,22
3865,32
3865,13
3865,17
3869,14
3869,15
3869,22
3869,32
3869,13
3869,17
3870,14
3870,15
3870,22
3870,32
3870,13
3870,17
3871,14
3871,15
3871,22
3871,32
3871,13
3871,17
3876,14
3876,15
3876,22
3876,32
3876,13
3876,17
3877,14
3877,15
3877,22
3877,32
3877,13
3877,17
3916,27
4005,27
4005,22
4005,9
4005,1
4401,14
4401,26
4401,23
4628,27
4628,1
4629,14
4629,27
4629,23
4629,1
4630,19
4630,27
4632,26
4632,27
4633,14
4633,27
4633,9
4633,28
4642,27
4642,22
4642,9
4642,1
4645,27
4645,19
4646,27
4646,13
4646,23
4646,19
6333,3
6333,11
6333,1
6609,14
6609,11
6609,9
6609,1
6610,14
6610,11
6610,9
6610,1
6616,27
6616,22
6616,9
6616,1
6617,14
6617,27
6617,22
6617,9
6617,1
6620,14
6620,27
6620,22
6620,9
6620,1
6621,27
6621,22
6631,14
6631,11
6631,5
6631,25
6653,14
6653,27
6655,27
6655,21
6655,9
6655,1
6657,14
6657,15
6657,27
6657,21
6657,22
6660,14
6660,1
6662,14
6662,3
6662,9
6662,25
6662,24
6662,1
6664,14
6664,26
6664,15
6664,6
6664,20
6664,1
6665,14
6665,26
6665,3
6665,20
6670,11
6670,10
6672,11
6672,5
6672,24
6672,23
6673,11
6673,10
6675,10
6675,5
6675,23
6676,11
6676,10
6676,4
6690,11
6690,23
6692,11
6692,9
6692,1
6694,11
6694,9
6694,4
6694,1
6695,11
6695,4
6696,11
6696,4
6696,1
6697,11
6697,2
6697,9
6697,4
6697,1
6698,11
6698,2
6698,9
6698,4
6698,1
6699,11
6699,2
6699,9
6699,4
6699,1
8010,14
8010,27
8010,9
8010,19
8020,14
8020,26
8020,9
8020,20
8020,1
322065,27
322065,22
322065,2
322065,9
322065,23
322065,1
322526,14
322526,21
322526,22
323003,27
323003,21
323003,1
323004,11
323004,21
323004,9
323004,24
323004,1
323050,14
323050,26
323050,3
323050,1
323070,21
323070,22
323075,14
323075,3
323107,27
323107,22
323107,9
323107,1
323109,14
323109,15
323109,3
323109,6
323109,2
323109,9
323109,1
323110,3
323110,21
323110,6
323110,9
323110,1
323119,14
323119,21
323119,1
323190,14
323190,26
323190,3
323190,6
323190,2
323190,20
323190,1
323222,14
323222,22
323222,2
323222,9
323222,30
323222,1
323504,5
323504,27
323504,22
323504,23
324005,27
324005,22
324005,9
324005,1
326616,27
326616,22
326616,9
326616,1
326617,14
326617,27
326617,22
326617,9
326617,1
326620,14
326620,27
326620,22
326620,9
326620,1
326621,27
326621,22
326657,14
326657,15
326657,27
326657,21
326657,22
328020,14
328020,26
328020,9
328020,20
328020,1
663039,14
663039,10
663039,17
663056,14
663056,3
663056,11
663056,5
663056,27
663056,20
663056,1
663058,14
663058,3
663059,14
663059,26
663060,11
663060,10
663060,27
663064,12
663146,11
663146,18
663146,27
663146,2
663146,28
663172,5
663172,9
663172,24
663172,23
663172,30
663193,26
663193,3
663193,2
663193,9
663193,1
664011,14
664011,27
664011,9
664011,24
664011,1
664644,14
664644,27
664644,21
664644,1
667101,11
667101,23
667101,19
667101,4
667101,1
667109,3
667109,27
667109,20
667112,11
667112,27
667112,19
667112,4
667666,11
667666,10
667666,4
