id_partida,data_partida,hora_partida,duracao_minutos,resultado
1,2025-08-17,20:07:00,18,Derrota
2,2025-08-19,13:14:00,22,Vitoria
3,2025-08-21,20:47:00,35,Vitoria
4,2025-08-23,19:27:00,19,Vitoria
5,2025-08-25,11:13:00,25,Vitoria
6,2025-08-27,18:12:00,40,Derrota
7,2025-08-29,13:28:00,36,Derrota
8,2025-08-31,22:55:00,18,Vitoria
9,2025-09-02,21:27:00,28,Derrota
10,2025-09-04,12:13:00,42,Derrota
11,2025-09-06,11:05:00,30,Vitoria
12,2025-09-08,15:54:00,29,Derrota
13,2025-09-10,22:02:00,41,Derrota
14,2025-09-12,18:07:00,30,Vitoria
15,2025-09-14,18:18:00,44,Derrota
16,2025-09-16,19:12:00,40,Vitoria
17,2025-09-18,10:42:00,25,Derrota
18,2025-08-15,11:54:00,25,Vitoria
19,2025-08-17,16:17:00,32,Derrota
20,2025-08-19,12:23:00,29,Vitoria
21,2025-08-21,20:17:00,40,Vitoria
22,2025-08-23,19:40:00,23,Vitoria
23,2025-08-25,12:29:00,30,Derrota
24,2025-08-27,20:44:00,35,Vitoria
25,2025-08-29,20:20:00,44,Vitoria
26,2025-08-31,13:52:00,19,Derrota
27,2025-09-02,16:17:00,20,Vitoria
28,2025-09-04,19:56:00,40,Derrota
29,2025-09-06,13:41:00,33,Derrota
30,2025-09-08,20:29:00,22,Derrota
